
REM INSERTING into PAYMENT
SET DEFINE OFF;
INSERT INTO PAYMENT VALUES ('5412 7512 3412 3456','WILLIAM TRAN',to_date('08/22','MM/RR'),468);
INSERT INTO PAYMENT VALUES ('5167 1234 3456 7890','DAYLESFORD NATHAN',to_date('03/22','MM/RR'),278);
INSERT INTO PAYMENT VALUES ('4000 1234 5678 9010','DAYGET LEE',to_date('03/23','MM/RR'),582);
INSERT INTO PAYMENT VALUES ('5318 2800 3456 7890','TIMOTHY NGUYEN',to_date('06/23','MM/RR'),697);
INSERT INTO PAYMENT VALUES ('5161 0100 0034 7834','TUYET HOA NGUYEN',to_date('04/22','MM/RR'),388);
INSERT INTO PAYMENT VALUES ('5360 3200 3456 7890','NATASHA ALISA',to_date('09/22','MM/RR'),148);
INSERT INTO PAYMENT VALUES ('5386 6012 3412 3456','EMILY CAI',to_date('07/23','MM/RR'),264);
INSERT INTO PAYMENT VALUES ('5430 4900 0000 0000','DANIEL PHAM',to_date('01/23','MM/RR'),168);
INSERT INTO PAYMENT VALUES ('5446 4712 3456 7890','EVA LEE',to_date('12/23','MM/RR'),975);
INSERT INTO PAYMENT VALUES ('5486 1681 6848 1683','PHOEBE TRAN',to_date('04/23','MM/RR'),395);

REM INSERTING into ACCOUNT
SET DEFINE OFF;
INSERT INTO ACCOUNT (ACCOUNT_ID, NAME, GENDER, BIRTH_DATE, EMAIL, CARD_NUMBER, REGISTERED_DATE) VALUES (16833,'William','Male',to_date('22-09-1990','DD-MM-YYYY'),'willam@gmail.com','5412 7512 3412 3456',to_date('01-09-2018','DD-MM-YYYY'));
INSERT INTO ACCOUNT (ACCOUNT_ID, NAME, GENDER, BIRTH_DATE, EMAIL, CARD_NUMBER, REGISTERED_DATE) VALUES (24613,'Discover Daylesford','Male',to_date('16-09-1991','DD-MM-YYYY'),'daylesford@gmail.com','5167 1234 3456 7890',to_date('20-08-2018','DD-MM-YYYY'));
INSERT INTO ACCOUNT (ACCOUNT_ID, NAME, GENDER, BIRTH_DATE, EMAIL, CARD_NUMBER, REGISTERED_DATE) VALUES (35268,'Dayget','Male',to_date('10-01-1995','DD-MM-YYYY'),'dayget@gmail.com','4000 1234 5678 9010',to_date('10-02-2019','DD-MM-YYYY'));
INSERT INTO ACCOUNT (ACCOUNT_ID, NAME, GENDER, BIRTH_DATE, EMAIL, CARD_NUMBER, REGISTERED_DATE) VALUES (40843,'Timothy','Male',to_date('05-07-1989','DD-MM-YYYY'),'timothy@gmail.com','5318 2800 3456 7890',to_date('03-08-2017','DD-MM-YYYY'));
INSERT INTO ACCOUNT (ACCOUNT_ID, NAME, GENDER, BIRTH_DATE, EMAIL, CARD_NUMBER, REGISTERED_DATE) VALUES (51066,'Tuyet Hoa Nguyen','Female',to_date('16-03-1998','DD-MM-YYYY'),'tuyethoa@gmail.com','5161 0100 0034 7834',to_date('06-04-2018','DD-MM-YYYY'));
INSERT INTO ACCOUNT (ACCOUNT_ID, NAME, GENDER, BIRTH_DATE, EMAIL, CARD_NUMBER, REGISTERED_DATE) VALUES (63058,'Natasha','Female',to_date('09-02-1993','DD-MM-YYYY'),'natasha@gmail.com','5360 3200 3456 7890',to_date('18-05-2017','DD-MM-YYYY'));
INSERT INTO ACCOUNT (ACCOUNT_ID, NAME, GENDER, BIRTH_DATE, EMAIL, CARD_NUMBER, REGISTERED_DATE) VALUES (70546,'Emily','Female',to_date('15-01-1995','DD-MM-YYYY'),'emilycai@gmail.com','5386 6012 3412 3456',to_date('20-06-2018','DD-MM-YYYY'));
INSERT INTO ACCOUNT (ACCOUNT_ID, NAME, GENDER, BIRTH_DATE, EMAIL, CARD_NUMBER, REGISTERED_DATE) VALUES (89358,'Daniel Pham','Male',to_date('04-01-1999','DD-MM-YYYY'),'danielpham@gmail.com','5430 4900 0000 0000',to_date('10-10-2017','DD-MM-YYYY'));
INSERT INTO ACCOUNT (ACCOUNT_ID, NAME, GENDER, BIRTH_DATE, EMAIL, CARD_NUMBER, REGISTERED_DATE) VALUES (90354,'Eva','Female',to_date('09-12-1997','DD-MM-YYYY'),'eva1997@gmail.com','5446 4712 3456 7890',to_date('01-03-2017','DD-MM-YYYY'));
INSERT INTO ACCOUNT (ACCOUNT_ID, NAME, GENDER, BIRTH_DATE, EMAIL, CARD_NUMBER, REGISTERED_DATE) VALUES (10689,'Phoebe','Female',to_date('22-09-2000','DD-MM-YYYY'),'phoebenguyen@gmail.com','5486 1681 6848 1683',to_date('25-12-2018','DD-MM-YYYY'));

REM INSERTING into GUEST
SET DEFINE OFF;
INSERT INTO GUEST (ACCOUNT_ID, BOOKING_NUMBER, LATEST_BOOKING_DATE, REVIEW_NUMBER) VALUES (51066,6,to_date('04-10-2021','DD-MM-YYYY'),3);
INSERT INTO GUEST (ACCOUNT_ID, BOOKING_NUMBER, LATEST_BOOKING_DATE, REVIEW_NUMBER) VALUES (70546,2,to_date('18-08-2021','DD-MM-YYYY'),0);
INSERT INTO GUEST (ACCOUNT_ID, BOOKING_NUMBER, LATEST_BOOKING_DATE, REVIEW_NUMBER) VALUES (89358,5,to_date('20-04-2021','DD-MM-YYYY'),4);
INSERT INTO GUEST (ACCOUNT_ID, BOOKING_NUMBER, LATEST_BOOKING_DATE, REVIEW_NUMBER) VALUES (90354,10,to_date('15-07-2021','DD-MM-YYYY'),8);
INSERT INTO GUEST (ACCOUNT_ID, BOOKING_NUMBER, LATEST_BOOKING_DATE, REVIEW_NUMBER) VALUES (10689,11,to_date('21-09-2021','DD-MM-YYYY'),3);

REM INSERTING into HOST
SET DEFINE OFF;
INSERT INTO HOST VALUES (16833,6,4.7,0.91, 10,8,0.00, 1);
INSERT INTO HOST VALUES (24613,2,4.5,0.80, 2,2,0.00, 0);
INSERT INTO HOST VALUES (35268,10,4.9,0.95,5,5,0.00,1);
INSERT INTO HOST VALUES (40843,20,4.8,0.99,19,20,0.00,1);
INSERT INTO HOST VALUES (63058,19,4.8,0.98,25,23,0.00,1);

REM INSERTING into SUPERHOST
SET DEFINE OFF;
INSERT INTO SUPERHOST (HOST_ID, START_DATE, END_DATE) VALUES (16833,TO_DATE('01-01-2021','DD-MM-YYYY'),TO_DATE('01-12-2021','DD-MM-YYYY'));
INSERT INTO SUPERHOST (HOST_ID, START_DATE, END_DATE) VALUES (35268,TO_DATE('01-05-2021','DD-MM-YYYY'),TO_DATE('01-04-2022','DD-MM-YYYY'));
INSERT INTO SUPERHOST (HOST_ID, START_DATE, END_DATE) VALUES (40843,TO_DATE('01-03-2021','DD-MM-YYYY'),TO_DATE('01-02-2022','DD-MM-YYYY'));
INSERT INTO SUPERHOST (HOST_ID, START_DATE, END_DATE) VALUES (51066,TO_DATE('01-07-2021','DD-MM-YYYY'),TO_DATE('01-06-2022','DD-MM-YYYY'));


REM INSERTING into GUEST_REVIEW
SET DEFINE OFF;
INSERT INTO GUEST_REVIEW VALUES (1,51066,24613,TO_DATE('29-05-2020','DD-MM-YYYY'),'They are very nice! They keep the room clean and not cause much noise at night.');
INSERT INTO GUEST_REVIEW VALUES (2,70546,40843,TO_DATE('01-09-2021','DD-MM-YYYY'),'They are good!');
INSERT INTO GUEST_REVIEW VALUES (3,89358,35268,TO_DATE('15-05-2021','DD-MM-YYYY'),'They are very polite! As they are going travelling so most of the time they are out');
INSERT INTO GUEST_REVIEW VALUES (4,10689,16833,TO_DATE('05-10-2021','DD-MM-YYYY'),'They are very polite! They also give me gift!');
INSERT INTO GUEST_REVIEW VALUES (5,90354,63058,TO_DATE('18-03-2021','DD-MM-YYYY'),'Nice!');


REM INSERTING into LOCATION
SET DEFINE OFF;
INSERT INTO LOCATION VALUES ('3000','Melbourne','VIC','Australia');
INSERT INTO LOCATION VALUES ('3002','Melbourne','VIC','Australia');
INSERT INTO LOCATION VALUES ('3005','Melbourne','VIC','Australia');
INSERT INTO LOCATION VALUES ('3006','Melbourne','VIC','Australia');
INSERT INTO LOCATION VALUES ('3109','Melbourne','VIC','Australia');
INSERT INTO LOCATION VALUES ('3461','Wheatsheaf','VIC','Australia');
INSERT INTO LOCATION VALUES ('3281','Woodford','VIC','Australia');
INSERT INTO LOCATION VALUES ('3381','Halls Gap','VIC','Australia');
INSERT INTO LOCATION VALUES ('3833','Tanji Bren','VIC','Australia');
INSERT INTO LOCATION VALUES ('3939','Fingal','VIC','Australia');
INSERT INTO LOCATION VALUES ('3269','Princetown','VIC','Australia');
INSERT INTO LOCATION VALUES ('3091','Yarrambat','VIC','Australia');
INSERT INTO LOCATION VALUES ('3960','Gippsland','VIC','Australia');

REM INSERTING into LISTING
SET DEFINE OFF;
INSERT INTO LISTING VALUES (49118459,24613,'The Love Shack | Log Cabin | Eco-Friendly', 'Unique space','Hut','Entire place',2,1,1,1,'15 Mary Rd',NULL,'3461',16,to_date('09-2021','MM-YYYY'),4.9,4.8,4.8,4.6,4.8,4.7);
INSERT INTO LISTING VALUES (25710128,16833,'Reindeer Lodge - Rustic Mountain Getaway','House','Cabin','Entire place',8,6,3,1,'15 Scottys Track',NULL,'3833',168,to_date('10-2021','MM-YYYY'),4.8,5.0,5.0,4.8,4.8,4.9);
INSERT INTO LISTING VALUES (48835939,35268,'Skyview Bubbletent - Glamping Under the Stars!','Unique space','Tent','Entire place',2,1,1,1,'162 Brandy Hot Rd',NULL,'3461',11,to_date('09-2021','MM-YYYY'),4.9,4.9,4.6,4.5,4.7,4.8);
INSERT INTO LISTING VALUES (19460179,63058,'Rural Retreat, Self-contained Studio','Unique space','Farm stay','Entire place',2,1,1,1,'24 Cilmery Cress',NULL,'3281',285,to_date('10-2021','MM-YYYY'),5.0,5.0,5.0,4.9,5.0,4.9);
INSERT INTO LISTING VALUES (12812648,40843,'Heavenly Escape: Simply a Lovely Secluded Getaway','House','Cabin','Entire place',2,1,1,1,'15 High Rd',NULL,'3381',191,to_date('10-2021','MM-YYYY'),4.9,5.0,5.0,4.8,5.0,4.5);

REM INSERTING into GUEST_REQUIREMENTS
SET DEFINE OFF;
INSERT INTO GUEST_REQUIREMENTS VALUES (49118459,1,1,1,1,1,0);
INSERT INTO GUEST_REQUIREMENTS VALUES (25710128,1,1,1,1,1,0);
INSERT INTO GUEST_REQUIREMENTS VALUES (48835939,1,1,1,1,0,1);
INSERT INTO GUEST_REQUIREMENTS VALUES (19460179,1,1,1,1,1,1);
INSERT INTO GUEST_REQUIREMENTS VALUES (12812648,1,1,1,1,1,1);


REM INSERTING into SAFETY_ITEMS
SET DEFINE OFF;
INSERT INTO SAFETY_ITEMS VALUES (49118459,0,1,1,1,1,0,0);
INSERT INTO SAFETY_ITEMS VALUES (25710128,0,1,1,1,1,0,0);
INSERT INTO SAFETY_ITEMS VALUES (48835939,0,0,0,0,0,0,0);
INSERT INTO SAFETY_ITEMS VALUES (19460179,0,1,0,1,1,0,0);
INSERT INTO SAFETY_ITEMS VALUES (12812648,0,1,0,0,1,0,0);

REM INSERTING into HOUSE_RULES
SET DEFINE OFF;
INSERT INTO HOUSE_RULES (LISTING_ID,CHILDREN_SUITABLE,INFANTS_SUITABLE,PETS_SUITABLE,SMOKING_ALLOWED,EVENTS_ALLOWED) VALUES (49118459,0,0,1,0,0);
INSERT INTO HOUSE_RULES (LISTING_ID,CHILDREN_SUITABLE,INFANTS_SUITABLE,PETS_SUITABLE,SMOKING_ALLOWED,EVENTS_ALLOWED) VALUES (25710128,0,0,1,1,0);
INSERT INTO HOUSE_RULES (LISTING_ID,CHILDREN_SUITABLE,INFANTS_SUITABLE,PETS_SUITABLE,SMOKING_ALLOWED,EVENTS_ALLOWED) VALUES (48835939,0,0,0,0,0);
INSERT INTO HOUSE_RULES (LISTING_ID,CHILDREN_SUITABLE,INFANTS_SUITABLE,PETS_SUITABLE,SMOKING_ALLOWED,EVENTS_ALLOWED) VALUES (19460179,0,0,0,0,0);
INSERT INTO HOUSE_RULES (LISTING_ID,CHILDREN_SUITABLE,INFANTS_SUITABLE,PETS_SUITABLE,SMOKING_ALLOWED,EVENTS_ALLOWED) VALUES (12812648,0,0,0,0,0);

REM INSERTING into BOOKING_SETTING
SET DEFINE OFF;
INSERT INTO BOOKING_SETTING VALUES (49118459,'as often as possible','at least 3 days','3 months in advance',to_date('15:00','hh24:mi'),NULL,to_date('11:00','hh24:mi'),2,5);
INSERT INTO BOOKING_SETTING VALUES (25710128,'part-time','at least 1 day','3 months in advance',to_date('15:00','hh24:mi'), to_date('21:00','hh24:mi'),to_date('11:00','hh24:mi'),2,5);
INSERT INTO BOOKING_SETTING VALUES (48835939,'as often as possible','at least 1 day','3 months in advance',to_date('15:00','hh24:mi'),NULL,to_date('11:00','hh24:mi'),3,5);
INSERT INTO BOOKING_SETTING VALUES (19460179,'part-time','at least 7 days','3 months in advance',to_date('14:00','hh24:mi'),to_date('21:00','hh24:mi'),to_date('10:00','hh24:mi'),2,6);
INSERT INTO BOOKING_SETTING VALUES (12812648,'as often as possible','at least 3 days','3 months in advance',to_date('15:00','hh24:mi'),NULL,to_date('11:00','hh24:mi'),2,5);

REM INSERTING into AVAILABILITY
SET DEFINE OFF;
INSERT INTO AVAILABILITY VALUES (12812648,to_date('29-10-2021','DD-MM-YYYY'),0,NULL);
INSERT INTO AVAILABILITY VALUES (12812648,to_date('30-10-2021','DD-MM-YYYY'),0,NULL);
INSERT INTO AVAILABILITY VALUES (12812648,to_date('01-11-2021','DD-MM-YYYY'),1,256.86);
INSERT INTO AVAILABILITY VALUES (12812648,to_date('05-11-2021','DD-MM-YYYY'),1,256.86);
INSERT INTO AVAILABILITY VALUES (12812648,to_date('06-11-2021','DD-MM-YYYY'),1,260.00);

REM INSERTING into PRICING
SET DEFINE OFF;
INSERT INTO PRICING VALUES (12812648,230.00,290.00,260.00,'AUD','Do not add a special offer',0.15);
INSERT INTO PRICING VALUES (25710128,180.00,220.00,185.71,'AUD','Offer 20% off to the first guests',0.00);
INSERT INTO PRICING VALUES (48835939,300.00,400.00,388.71,'AUD','Offer 20% off to the first guests',0.10);
INSERT INTO PRICING VALUES (19460179,130.00,145.00,135.14,'AUD','Do not add a special offer',0.05);
INSERT INTO PRICING VALUES (49118459,230.00,285.00,256.57,'AUD','Do not add a special offer',0.20);


REM INSERTING into AMENTITIES
SET DEFINE OFF;
INSERT INTO AMENTITIES VALUES (49118459,1,0,1,1,0,1,1,1,1,1,1,1,0,1,1,0,0,0,0,0,1);
INSERT INTO AMENTITIES VALUES (25710128,0,1,1,1,1,1,1,1,1,1,0,0,0,0,0,0,0,0,0,0,0);
INSERT INTO AMENTITIES VALUES (48835939,0,1,0,1,0,1,0,0,0,0,0,0,0,0,0,0,0,0,0,0,0);
INSERT INTO AMENTITIES VALUES (19460179,1,1,1,1,1,1,1,0,1,1,1,0,1,0,0,0,0,0,0,0,1);
INSERT INTO AMENTITIES VALUES (12812648,1,0,1,1,1,1,1,1,1,1,1,1,1,1,1,0,0,1,0,1,1);

REM INSERTING into LISTING_REVIEW
SET DEFINE OFF;
INSERT INTO LISTING_REVIEW VALUES (1,49118459,51066,TO_DATE('08-2021','MM-YYYY'),5.0,4.5,4.5,5.0,4.5,5.0,'Magical spot and so peaceful and relaxing');
INSERT INTO LISTING_REVIEW VALUES (2,49118459,70546,TO_DATE('09-2021','MM-YYYY'),5.0,5.0,4.0,5.0,5.0,4.0,'Much needed and so relaxing!');
INSERT INTO LISTING_REVIEW VALUES (3,19460179,89358,TO_DATE('09-2021','MM-YYYY'),5.0,4.0,5.0,4.5,5.0,5.0,'Beautiful property I had a relaxing stay in Woodford');
INSERT INTO LISTING_REVIEW VALUES (4,48835939,90354,TO_DATE('10-2021','MM-YYYY'),4.0,5.0,5.0,5.0,4.0,4.5,'Great experience glamping under the stars. Perfect location! Loved feeding the Alpacas!');
INSERT INTO LISTING_REVIEW VALUES (5,48835939,10689,TO_dATE('10-2021','MM-YYYY'),4.0,5.0,4.5,4.5,5.0,5.0,'Such a cute place to stay, peaceful location, hosts have provided everything you need for a cozy and relaxing stay');

REM INSERTING into LISTING_COHOST
SET DEFINE OFF;
INSERT INTO LISTING_COHOST VALUES (25710128,16833);
INSERT INTO LISTING_COHOST VALUES (25710128,63058);
INSERT INTO LISTING_COHOST VALUES (25710128,40843);
INSERT INTO LISTING_COHOST VALUES (49118459,24613);
INSERT INTO LISTING_COHOST VALUES (48835939,35268);

REM INSERTING into LISTING_BOOKING
SET DEFINE OFF;
INSERT INTO LISTING_BOOKING VALUES (0,51066,49118459,2,'Arriving today',TO_DATE('11-10-2021','DD-MM-YYYY'), TO_DATE('14-10-2021','DD-MM-YYYY'),714.00,0.00,0.00,714.00);
INSERT INTO LISTING_BOOKING VALUES (1,70546,49118459,2,'Awaiting guest ID',TO_DATE('20-10-2021','DD-MM-YYYY'), TO_DATE('22-10-2021','DD-MM-YYYY'),476.00,50.00,0.00,526.00);
INSERT INTO LISTING_BOOKING VALUES (2,89358,19460179,2,'Confiremed',TO_DATE('01-11-2021','DD-MM-YYYY'), TO_DATE('04-11-2021','DD-MM-YYYY'),420.00,0.00,65.22,485.22);
INSERT INTO LISTING_BOOKING VALUES (3,90354,25710128,6,'Confiremed',TO_DATE('03-11-2021','DD-MM-YYYY'), TO_DATE('07-11-2021','DD-MM-YYYY'),1200.00,186.35,0.00,1386.35);
INSERT INTO LISTING_BOOKING VALUES (4,10689,48835939,2,'Completed',TO_DATE('10-11-2021','DD-MM-YYYY'), TO_DATE('13-11-2021','DD-MM-YYYY'),913.00,0.00,0.00,913.00);


REM INSERTING into ADVENTURE
SET DEFINE OFF;
INSERT INTO ADVENTURE VALUES (1500338,16833,'PRIVATE Overnight Ocean Road Tour','Southbank','Australia',1499,'2 days','This experience is for 1 or 2 guests. The price remains the same for both');
INSERT INTO ADVENTURE VALUES (1584248,24613,'Halong Bay Overnight Cruise From Hanoi','Ha Noi','Vietnam',175.00,'2 days','Overnight cruising is the best way to experience Halong Bay. The most popular is a 2-day, 1-night cruise, which is just enough time for travellers to experience the beauty of the bay with a range of fascinating excursions.');
INSERT INTO ADVENTURE VALUES (1413028,35268,'Atlas mountains trekking','Marrakech','Morocco',378.00,'3 days','3 days hike through the berber villages in the high atlas mountains is a lifetime experience. You will spend three days discovering the high Atlas Mountains on foot. A hike amidst cool vegetation of juniper and pine trees is a perfect way to unwind');
INSERT INTO ADVENTURE VALUES (413716,40843,'Chasing waterfalls and camping','Puero Vallarta','Mexico',232.00,'2 days','Follow us on Instagram @ luna.tours. Ask for our day trip!');
INSERT INTO ADVENTURE VALUES (1180820,63058,'Toubkal Trekking 2 Days','Marrakesh','Morocco',277.00,'2 days','2 days toubkal trek from Marrakech in Morocco. It is one of the best seller trek in Morocco. You will explore the high atlas mountains on this two days climb to Mt Toubkal');


REM INSERTING into ADVENTURE_BOOKING
SET DEFINE OFF;
INSERT INTO ADVENTURE_BOOKING VALUES (01,TO_DATE('29-09-2021','DD-MM-YYYY'),51066,1500338,2,1500.00);
INSERT INTO ADVENTURE_BOOKING VALUES (02,TO_DATE('01-10-2021','DD-MM-YYYY'),70546,1584248,4,700.00);
INSERT INTO ADVENTURE_BOOKING VALUES (03,TO_DATE('02-10-2021','DD-MM-YYYY'),89358,1413028,1,378.00);
INSERT INTO ADVENTURE_BOOKING VALUES (04,TO_DATE('04-10-2021','DD-MM-YYYY'),90354,413716,1,232.00);
INSERT INTO ADVENTURE_BOOKING VALUES (05,TO_DATE('08-10-2021','DD-MM-YYYY'),10689,1180820,5,840.00);

REM INSERTING into ADVENTURE_REVIEW
SET DEFINE OFF;
INSERT INTO ADVENTURE_REVIEW VALUES (1,1500338,51066,TO_DATE('02-10-2021','DD-MM-YYYY'),5.0,'Worth paying the extra for a private tour');
INSERT INTO ADVENTURE_REVIEW VALUES (2,1584248,70546,TO_DATE('04-10-2021','DD-MM-YYYY'),5.0,'Nice trip');
INSERT INTO ADVENTURE_REVIEW VALUES (3,1413028,89358,TO_DATE('05-10-2021','DD-MM-YYYY'),4.5,'For anyone looking for a trip away from the dusty, dirty streets of Marrakech, I highly recommend booking this excursion with Mohammed or the summit to Toubkal');
INSERT INTO ADVENTURE_REVIEW VALUES (4,413716,90354,TO_DATE('07-10-2021','DD-MM-YYYY'),5.0,'This is the best real tour out there in PV. You see all the amazing spots if you want too and just have a great simple time in very special places. Highly recommend');
INSERT INTO ADVENTURE_REVIEW VALUES (5,1180820,10689,TO_DATE('11-10-2021','DD-MM-YYYY'),5.0,'Would highly recommend this experience be prepared for walking in the heat of the day to base camp and then cold snow weather with crampons to climb the mountain. Such a fantastic thing to do');

REM INSERTING into ADVENTURE_COHOST
SET DEFINE OFF;
INSERT INTO ADVENTURE_COHOST VALUES (16833,1500338);
INSERT INTO ADVENTURE_COHOST VALUES (63058,1500338);
INSERT INTO ADVENTURE_COHOST VALUES (24613,1584248);
INSERT INTO ADVENTURE_COHOST VALUES (35268,1413028);
INSERT INTO ADVENTURE_COHOST VALUES (40843,1413028);

REM INSERTING into EXPERIENCE
SET DEFINE OFF;
INSERT INTO EXPERIENCE VALUES (184083,16833,'Beehive Tour','Animal Experience','English','2 hours','28 Kurrak Road','3091',85.00,NULL,'In person',5,'Light','Beginner',0,10,NULL,TO_DATE('14:00','HH24:MI'),58,4.9,'12 hours before start time','1 day before start time');
INSERT INTO EXPERIENCE VALUES (123170,24613,'Mornington Peninsula Hike & Hot Pools','Hiking','English','10 hours','140 Springs Ln','3939',229.00,1599,'In person',15,'Light','Beginner',1,8,8,TO_DATE('07:30','HH24:MI'),369,4.9,'3 days before start time','3 days before start time');
INSERT INTO EXPERIENCE VALUES (237375,35268,'Kayak through Melbourne at Twilight','Kayaking','English','2.5 hours',NULL,'3006',89.00,NULL,'In person',12,'Moderate','Beginner',0,10,NULL,TO_DATE('19:00','HH24:MI'),317,4.8,'1 day before start time','1 day before start time');
INSERT INTO EXPERIENCE VALUES (298452,40843,'12 Apostles, Otways & Great Ocean Road','Outdoor Activities','English','12 hours','Great Ocean Rd & Booringa Rd','3269',179.00,1249.00,'In person',15,'Moderate','Beginner',1,8,8,TO_DATE('07:30','HH24:MI'),711,4.9,'3 days before start time','1 days before start time');
INSERT INTO EXPERIENCE VALUES (298447,63058,'Wilsons Prom National Park Day Hike','Hiking','English','12 hours','Gippsland VIC 3960','3960',179.00,1249.00,'In person',15,'Moderate','Beginner',1,8,8,TO_DATE('07:30','HH24:MI'),44,4.9,'3 days before start time','1 days before start time');

REM INSERTING into EXPERIENCE_REVIEW
SET DEFINE OFF;
INSERT INTO EXPERIENCE_REVIEW VALUES (1,184083,51066,TO_DATE('15-01-2021','DD-MM-YYYY'),5.0,'Nathan and Candace are clearly passionate about bees and how we interact with them. The tour was not just about bees; it was also about the environment, sustainability and how we can do our part to protect these magnificent creatures. I highly recommend this experience to everyone');
INSERT INTO EXPERIENCE_REVIEW VALUES (2,184083,70546,TO_DATE('18-01-2021','DD-MM-YYYY'),5.0,'Thanks for the great tour, Nathan. It was great to learn about the bees and then to get hands-on. The honey tonic and snacks afterwards was a great touch and really thoughtful.');
INSERT INTO EXPERIENCE_REVIEW VALUES (3,123170,89358,TO_DATE('31-01-2021','DD-MM-YYYY'),4.0,'Recommend it to anyone who wants to have a bit of outdoor fun and end it with an epic hot spring! Our guide/driver Michael was a legend, knows all the epic lookouts! Special thanks to his mum playlist :) loved it!');
INSERT INTO EXPERIENCE_REVIEW VALUES (4,123170,90354,TO_DATE('15-02-2021','DD-MM-YYYY'),5.0,'Definitely a great experience with lots of beautiful views. Best part was by far the Hot Pools. Tour guide was very knowledgeable and super friendly');
INSERT INTO EXPERIENCE_REVIEW VALUES (6,237375,10689,TO_DATE('20-02-2021','DD-MM-YYYY'),4.0,'We have had an amazing day with Michael! So much fun, so many beautiful places, great group. Enjoyed by my 15 yr old daughter as well! Thankyou!!');

REM INSERTING into EXPERIENCE_BOOKING
SET DEFINE OFF;
INSERT INTO EXPERIENCE_BOOKING VALUES (1,51066,184083,TO_DATE('13-01-2021','DD-MM-YYYY'),1,85.00);
INSERT INTO EXPERIENCE_BOOKING VALUES (2,70546,184083,TO_DATE('15-01-2021','DD-MM-YYYY'),1,85.00);
INSERT INTO EXPERIENCE_BOOKING VALUES (3,89358,123170,TO_DATE('29-01-2021','DD-MM-YYYY'),1,85.00);
INSERT INTO EXPERIENCE_BOOKING VALUES (4,90354,123170,TO_DATE('14-02-2021','DD-MM-YYYY'),1,85.00);
INSERT INTO EXPERIENCE_BOOKING VALUES (5,10689,237375,TO_DATE('19-02-2021','DD-MM-YYYY'),1,85.00);

REM INSERTING into EXPERIENCE_COHOST
SET DEFINE OFF;
INSERT INTO EXPERIENCE_COHOST VALUES (184083,16833);
INSERT INTO EXPERIENCE_COHOST VALUES (123170,24613);
INSERT INTO EXPERIENCE_COHOST VALUES (123170,16833);
INSERT INTO EXPERIENCE_COHOST VALUES (298452,40843);
INSERT INTO EXPERIENCE_COHOST VALUES (298452,63058);
